subject,condition,n_blocks,max_t,min_t,sig_channels
丁胜军,pre,8,81.24430439315387,10.070219950361839,38
黄歆,pre,8,76.43364171326176,-18.367790033280453,38
王应宏,pre,8,42.456937670734746,-11.92859486434237,37
李月芳,post,6,65.64694224786443,-28.68166542082747,34
丁胜军,post,6,51.98806870327062,1.6047560393653093,37
王应宏02,post,6,67.28366287785084,-1.8844964957223698,36
